Date,Artist,Latitude,Longitude
Sep 2022,BTS,34.052,-118.244
Sep 2022,BTS,36.1749705,-115.137223
Sep 2022,BTS,36.1749705,-115.137223
Sep 2022,BTS,36.1749705,-115.137223
Sep 2022,BTS,36.1749705,-115.137223
Sep 2022,BTS,36.1749705,-115.137223
Sep 2021,BTS,33.9616801,-118.3531311
Sep 2021,BTS,33.9616801,-118.3531311
Sep 2021,BTS,33.9616801,-118.3531311
Sep 2021,BTS,33.9616801,-118.3531311
Sep 2021,BTS,33.9616801,-118.3531311
Sep 2021,BTS,34.052,-118.244
Sep 2021,BTS,40.7142691,-74.0059729
Sep 2021,BTS,40.7142691,-74.0059729
Sep 2021,BTS,40.7142691,-74.0059729
Sep 2021,BTS,40.7142691,-74.0059729
Sep 2021,BTS,40.7142691,-74.0059729
Sep 2021,BTS,34.052,-118.244
Sep 2021,BTS,34.052,-118.244
Sep 2020,BTS,34.052,-118.244
Sep 2020,BTS,34.052,-118.244
Sep 2020,BTS,34.052,-118.244
Sep 2020,BTS,34.052,-118.244
Sep 2020,BTS,40.7142691,-74.0059729
Sep 2020,BTS,40.7142691,-74.0059729
Sep 2020,BTS,40.7142691,-74.0059729
Sep 2020,BTS,40.7142691,-74.0059729
Sep 2020,BTS,40.7142691,-74.0059729
Sep 2020,BTS,34.1808392,-118.3089661
Sep 2020,BTS,40.7142691,-74.0059729
Sep 2020,BTS,34.052,-118.244
Sep 2020,BTS,40.7142691,-74.0059729
Sep 2020,BTS,40.7142691,-74.0059729
Sep 2020,BTS,34.052,-118.244
Sep 2019,BTS,40.7142691,-74.0059729
Sep 2019,BTS,33.9616801,-118.3531311
Sep 2019,BTS,34.1388962,-118.3534115
Sep 2019,BTS,40.833989,-74.0970865
Sep 2019,BTS,40.833989,-74.0970865
Sep 2019,BTS,40.7142691,-74.0059729
Sep 2019,BTS,40.7142691,-74.0059729
Sep 2019,BTS,41.850033,-87.6500523
Sep 2019,BTS,41.850033,-87.6500523
Sep 2019,BTS,34.1477849,-118.1445155
Sep 2019,BTS,34.1477849,-118.1445155
Sep 2019,BTS,34.1477849,-118.1445155
Sep 2019,BTS,36.1749705,-115.137223
Sep 2019,BTS,40.7142691,-74.0059729
Sep 2018,BTS,40.7498243,-73.7976337
Sep 2018,BTS,41.850033,-87.6500523
Sep 2018,BTS,40.735657,-74.1723667
Sep 2018,BTS,40.735657,-74.1723667
Sep 2018,BTS,40.7142691,-74.0059729
Sep 2018,BTS,32.725409,-97.3208496
Sep 2018,BTS,32.725409,-97.3208496
Sep 2018,BTS,37.8043722,-122.2708026
Sep 2018,BTS,34.052,-118.244
Sep 2018,BTS,34.052,-118.244
Sep 2018,BTS,34.052,-118.244
Sep 2018,BTS,34.052,-118.244
Sep 2018,BTS,36.1749705,-115.137223
Sep 2017,BTS,34.052,-118.244
Sep 2017,BTS,34.052,-118.244
Sep 2017,BTS,34.052,-118.244
Sep 2017,BTS,33.8352932,-117.9145036
Sep 2017,BTS,33.8352932,-117.9145036
Sep 2017,BTS,41.9953077,-87.8845092
Sep 2017,BTS,40.735657,-74.1723667
Sep 2017,BTS,40.735657,-74.1723667
Sep 2016,BTS,34.052,-118.244
Sep 2016,BTS,40.735657,-74.1723667
Sep 2015,BTS,33.7489954,-84.3879824
Sep 2015,BTS,29.7632836,-95.3632715
Sep 2015,BTS,37.775,-122.419
Sep 2015,BTS,34.052,-118.244
Sep 2015,BTS,41.9953077,-87.8845092
Sep 2015,BTS,32.7459645,-96.9977846
Sep 2015,BTS,40.7142691,-74.0059729
Sep 2014,BTS,34.052,-118.244
Sep 2014,BTS,34.0900091,-118.3617443
Sep 2023,BLACKPINK,34.052,-118.244
Sep 2023,BLACKPINK,37.775,-122.419
Sep 2023,BLACKPINK,36.1749705,-115.137223
Sep 2023,BLACKPINK,40.833989,-74.0970865
Sep 2023,BLACKPINK,40.833989,-74.0970865
Sep 2023,BLACKPINK,40.833989,-74.0970865
Sep 2023,BLACKPINK,40.833989,-74.0970865
Sep 2023,BLACKPINK,33.7205771,-116.2155619
Sep 2023,BLACKPINK,34.052,-118.244
Sep 2023,BLACKPINK,33.7205771,-116.2155619
Sep 2022,BLACKPINK,34.052,-118.244
Sep 2022,BLACKPINK,34.052,-118.244
Sep 2022,BLACKPINK,34.052,-118.244
Sep 2022,BLACKPINK,40.735657,-74.1723667
Sep 2022,BLACKPINK,40.735657,-74.1723667
Sep 2022,BLACKPINK,41.850033,-87.6500523
Sep 2022,BLACKPINK,41.850033,-87.6500523
Sep 2022,BLACKPINK,33.7489954,-84.3879824
Sep 2022,BLACKPINK,33.7489954,-84.3879824
Sep 2022,BLACKPINK,33.7489954,-84.3879824
Sep 2022,BLACKPINK,29.7632836,-95.3632715
Sep 2022,BLACKPINK,29.7632836,-95.3632715
Sep 2022,BLACKPINK,29.7632836,-95.3632715
Sep 2022,BLACKPINK,32.7830556,-96.8066667
Sep 2022,BLACKPINK,32.7830556,-96.8066667
Sep 2022,BLACKPINK,32.7830556,-96.8066667
Sep 2022,BLACKPINK,34.052,-118.244
Sep 2022,BLACKPINK,40.735657,-74.1723667
Sep 2021,LISA,40.7142691,-74.0059729
Sep 2021,ROSÉ,40.7142691,-74.0059729
Sep 2021,BLACKPINK,34.052,-118.244
Sep 2020,BLACKPINK,40.7142691,-74.0059729
Sep 2020,BLACKPINK,34.052,-118.244
Sep 2020,BLACKPINK,40.7142691,-74.0059729
Sep 2019,BLACKPINK,32.725409,-97.3208496
Sep 2019,BLACKPINK,34.0028787,-84.1446376
Sep 2019,BLACKPINK,40.735657,-74.1723667
Sep 2019,BLACKPINK,40.735657,-74.1723667
Sep 2019,BLACKPINK,41.9953077,-87.8845092
Sep 2019,BLACKPINK,33.7205771,-116.2155619
Sep 2019,BLACKPINK,34.052,-118.244
Sep 2019,BLACKPINK,33.9616801,-118.3531311
Sep 2019,BLACKPINK,33.7205771,-116.2155619
Sep 2019,BLACKPINK,40.7142691,-74.0059729
Sep 2019,BLACKPINK,40.7142691,-74.0059729
Sep 2019,BLACKPINK,34.052,-118.244
Sep 2023,PSY,40.735657,-74.1723667
Sep 2016,Psy-Fi,37.7665947,-120.8471545
Sep 2016,PSY,43.7022928,-72.2895353
Sep 2015,PSY,43.7022928,-72.2895353
Sep 2013,PSY,34.052,-118.244
Sep 2012,PSY,40.7142691,-74.0059729
Sep 2012,PSY,41.9953077,-87.8845092
Sep 2012,PSY,37.3393857,-121.8949555
Sep 2012,PSY,38.8462236,-77.3063733
Sep 2012,PSY,27.2594935,-82.4428733
Sep 2012,PSY,27.9475216,-82.4584279
Sep 2012,PSY,39.952335,-75.163789
Sep 2012,PSY,44.944,-93.093
Sep 2012,PSY,34.052,-118.244
Sep 2012,PSY,34.052,-118.244
Sep 2012,PSY,36.1749705,-115.137223
Sep 2012,PSY,34.1808392,-118.3089661
Sep 2017,EXO,33.9616801,-118.3531311
Sep 2017,EXO,40.735657,-74.1723667
Sep 2017,Exo,40.7142691,-74.0059729
Sep 2016,EXO,40.735657,-74.1723667
Sep 2016,EXO,41.9953077,-87.8845092
Sep 2016,EXO,34.052,-118.244
Sep 2016,EXO,32.7459645,-96.9977846
Sep 2013,EXO,34.052,-118.244
Sep 2012,EXO-M,33.6694649,-117.8231107
Sep 2019,DAY6,34.052,-118.244
Sep 2019,DAY6,34.052,-118.244
Sep 2019,DAY6,37.775,-122.419
Sep 2019,DAY6,41.9953077,-87.8845092
Sep 2019,DAY6,32.7459645,-96.9977846
Sep 2019,DAY6,25.790654,-80.1300455
Sep 2019,DAY6,42.3584308,-71.0597732
Sep 2019,DAY6,40.7142691,-74.0059729
Sep 2019,DAY6,40.7142691,-74.0059729
Sep 2018,DAY6,34.052,-118.244
Sep 2018,DAY6,39.9284459,-75.2737955
Sep 2018,DAY6,33.7489954,-84.3879824
Sep 2018,DAY6,44.9799654,-93.2638361
Sep 2017,DAY6,42.331427,-83.0457538
Sep 2017,DAY6,40.7142691,-74.0059729
Sep 2017,DAY6,30.267153,-97.7430608
Sep 2017,DAY6,33.9172357,-118.0120086
Sep 2016,Girls' Generation-TTS,34.052,-118.244
Sep 2015,Girls’ Generation,40.735657,-74.1723667
Sep 2014,Girls’ Generation,34.052,-118.244
Sep 2012,Girls’ Generation,33.6694649,-117.8231107
Sep 2012,Girls’ Generation,37.3860517,-122.0838511
Sep 2012,Girls’ Generation,40.7142691,-74.0059729
Sep 2016,BIGBANG,21.3069444,-157.8583333
Sep 2015,BIGBANG,40.735657,-74.1723667
Sep 2015,BIGBANG,40.735657,-74.1723667
Sep 2015,BIGBANG,33.8352932,-117.9145036
Sep 2015,BIGBANG,34.052,-118.244
Sep 2015,BIGBANG,36.1749705,-115.137223
Sep 2012,BIGBANG,40.735657,-74.1723667
Sep 2012,BIGBANG,40.735657,-74.1723667
Sep 2012,BIGBANG,33.8352932,-117.9145036
Sep 2012,BIGBANG,33.8352932,-117.9145036
Sep 2023,MAMAMOO,33.9616801,-118.3531311
Sep 2023,MAMAMOO,37.8043722,-122.2708026
Sep 2023,MAMAMOO,33.5386523,-112.1859866
Sep 2023,MAMAMOO,41.850033,-87.6500523
Sep 2023,MAMAMOO,32.725409,-97.3208496
Sep 2023,MAMAMOO,36.1658899,-86.7844432
Sep 2023,MAMAMOO,33.7489954,-84.3879824
Sep 2023,MAMAMOO,39.2903848,-76.6121893
Sep 2023,MAMAMOO,40.700936,-73.712909
Sep 2021,MAMAMOO,40.7142691,-74.0059729
Sep 2019,MAMAMOO,34.052,-118.244
Sep 2022,MOMOLAND,34.1477849,-118.1445155
Sep 2019,MOMOLAND,34.052,-118.244
Sep 2018,MOMOLAND,34.052,-118.244
Sep 2018,MOMOLAND,34.052,-118.244
Sep 2019,GOT7,37.8043722,-122.2708026
Sep 2019,GOT7,33.9616801,-118.3531311
Sep 2019,GOT7,32.7830556,-96.8066667
Sep 2019,GOT7,40.735657,-74.1723667
Sep 2019,GOT7,40.7142691,-74.0059729
Sep 2018,GOT7,40.65,-73.95
Sep 2018,GOT7,29.7632836,-95.3632715
Sep 2018,GOT7,33.9616801,-118.3531311
Sep 2017,GOT7,34.1477849,-118.1445155
Sep 2017,GOT7,29.7632836,-95.3632715
Sep 2017,GOT7,41.9953077,-87.8845092
Sep 2017,GOT7,38.895,-77.036
Sep 2017,GOT7,25.790654,-80.1300455
Sep 2016,GOT7,34.052,-118.244
Sep 2016,GOT7,34.052,-118.244
Sep 2016,GOT7,33.7489954,-84.3879824
Sep 2016,GOT7,40.7142691,-74.0059729
Sep 2016,GOT7,40.7142691,-74.0059729
Sep 2016,GOT7,41.9953077,-87.8845092
Sep 2016,GOT7,32.7459645,-96.9977846
Sep 2016,GOT7,32.7459645,-96.9977846
Sep 2015,GOT7,32.7459645,-96.9977846
Sep 2015,GOT7,41.850033,-87.6500523
Sep 2015,GOT7,37.775,-122.419
Sep 2023,Stray Kids,40.735657,-74.1723667
Sep 2023,Stray Kids,34.052,-118.244
Sep 2023,Stray Kids,34.052,-118.244
Sep 2023,Stray Kids,34.052,-118.244
Sep 2023,Stray Kids,34.052,-118.244
Sep 2023,Stray Kids,34.052,-118.244
Sep 2023,Stray Kids,34.052,-118.244
Sep 2023,Stray Kids,32.725409,-97.3208496
Sep 2023,Stray Kids,32.725409,-97.3208496
Sep 2023,Stray Kids,32.725409,-97.3208496
Sep 2023,Stray Kids,32.725409,-97.3208496
Sep 2023,Stray Kids,33.7489954,-84.3879824
Sep 2023,Stray Kids,33.7489954,-84.3879824
Sep 2023,Stray Kids,33.7489954,-84.3879824
Sep 2023,Stray Kids,33.7489954,-84.3879824
Sep 2022,Stray Kids,34.052,-118.244
Sep 2022,Stray Kids,33.8352932,-117.9145036
Sep 2022,Stray Kids,33.8352932,-117.9145036
Sep 2022,Stray Kids,33.8352932,-117.9145036
Sep 2022,Stray Kids,33.8352932,-117.9145036
Sep 2022,Stray Kids,47.6062095,-122.3320708
Sep 2022,Stray Kids,47.6062095,-122.3320708
Sep 2022,Stray Kids,47.6062095,-122.3320708
Sep 2022,Stray Kids,47.6062095,-122.3320708
Sep 2022,Stray Kids,37.8043722,-122.2708026
Sep 2022,Stray Kids,37.8043722,-122.2708026
Sep 2022,Stray Kids,33.9616801,-118.3531311
Sep 2022,Stray Kids,33.9616801,-118.3531311
Sep 2022,Stray Kids,33.9616801,-118.3531311
Sep 2022,Stray Kids,33.9616801,-118.3531311
Sep 2022,Stray Kids,41.850033,-87.6500523
Sep 2022,Stray Kids,41.850033,-87.6500523
Sep 2022,Stray Kids,40.735657,-74.1723667
Sep 2022,Stray Kids,40.735657,-74.1723667
Sep 2022,Stray Kids,40.735657,-74.1723667
Sep 2022,Stray Kids,40.735657,-74.1723667
Sep 2022,Stray Kids,40.7142691,-74.0059729
Sep 2022,Stray Kids,40.7142691,-74.0059729
Sep 2020,Stray Kids,34.052,-118.244
Sep 2020,Stray Kids,37.3393857,-121.8949555
Sep 2020,Stray Kids,33.4483771,-112.0740373
Sep 2020,Stray Kids,25.72149,-80.2683838
Sep 2020,Stray Kids,41.9953077,-87.8845092
Sep 2020,Stray Kids,32.7459645,-96.9977846
Sep 2020,Stray Kids,33.7489954,-84.3879824
Sep 2020,Stray Kids,40.7142691,-74.0059729
Sep 2020,Stray Kids,40.7142691,-74.0059729
Sep 2020,Stray Kids,40.7142691,-74.0059729
Sep 2019,Stray Kids,34.052,-118.244
Sep 2019,Stray Kids,29.7632836,-95.3632715
Sep 2019,Stray Kids,34.1477849,-118.1445155
Sep 2019,Stray Kids,40.735657,-74.1723667
Sep 2019,Stray Kids,40.735657,-74.1723667
Sep 2019,Stray Kids,40.7142691,-74.0059729
Sep 2018,Stray Kids,40.735657,-74.1723667
Sep 2018,Stray Kids,40.735657,-74.1723667
Sep 2023,TOMORROW X TOGETHER,40.735657,-74.1723667
Sep 2023,TOMORROW X TOGETHER,41.850033,-87.6500523
Sep 2023,TOMORROW X TOGETHER,34.052,-118.244
Sep 2023,TOMORROW X TOGETHER,34.052,-118.244
Sep 2023,TOMORROW X TOGETHER,29.4241219,-98.4936282
Sep 2023,TOMORROW X TOGETHER,29.4241219,-98.4936282
Sep 2023,TOMORROW X TOGETHER,34.0028787,-84.1446376
Sep 2023,TOMORROW X TOGETHER,34.0028787,-84.1446376
Sep 2023,TOMORROW X TOGETHER,38.895,-77.036
Sep 2023,TOMORROW X TOGETHER,40.700936,-73.712909
Sep 2023,TOMORROW X TOGETHER,40.700936,-73.712909
Sep 2023,TOMORROW X TOGETHER,35.2270869,-80.8431268
Sep 2023,TOMORROW X TOGETHER,34.052,-118.244
Sep 2022,TOMORROW X TOGETHER,33.8352932,-117.9145036
Sep 2022,TOMORROW X TOGETHER,41.850033,-87.6500523
Sep 2022,TOMORROW X TOGETHER,34.052,-118.244
Sep 2022,TOMORROW X TOGETHER,34.052,-118.244
Sep 2022,TOMORROW X TOGETHER,37.775,-122.419
Sep 2022,TOMORROW X TOGETHER,29.6196787,-95.6349463
Sep 2022,TOMORROW X TOGETHER,32.7459645,-96.9977846
Sep 2022,TOMORROW X TOGETHER,33.7489954,-84.3879824
Sep 2022,TOMORROW X TOGETHER,40.7142691,-74.0059729
Sep 2022,TOMORROW X TOGETHER,41.9953077,-87.8845092
Sep 2022,TOMORROW X TOGETHER,34.1388962,-118.3534115
Sep 2021,TOMORROW X TOGETHER,34.052,-118.244
Sep 2021,TOMORROW X TOGETHER,40.7142691,-74.0059729
Sep 2021,TOMORROW X TOGETHER,40.7142691,-74.0059729
Sep 2019,TOMORROW X TOGETHER,40.7142691,-74.0059729
Sep 2019,TOMORROW X TOGETHER,33.8314058,-118.2820165
Sep 2019,TOMORROW X TOGETHER,34.052,-118.244
Sep 2019,TOMORROW X TOGETHER,32.7830556,-96.8066667
Sep 2019,TOMORROW X TOGETHER,33.7489954,-84.3879824
Sep 2019,TOMORROW X TOGETHER,28.5383355,-81.3792365
Sep 2019,TOMORROW X TOGETHER,41.850033,-87.6500523
Sep 2019,TOMORROW X TOGETHER,40.7142691,-74.0059729
Sep 2023,ITZY,34.052,-118.244
Sep 2023,ITZY,40.7142691,-74.0059729
Sep 2023,ITZY,40.7498243,-73.7976337
Sep 2022,ITZY,40.7142691,-74.0059729
Sep 2022,ITZY,42.3584308,-71.0597732
Sep 2022,ITZY,41.9953077,-87.8845092
Sep 2022,ITZY,33.7489954,-84.3879824
Sep 2022,ITZY,29.6196787,-95.6349463
Sep 2022,ITZY,32.8140177,-96.9488945
Sep 2022,ITZY,33.4483771,-112.0740373
Sep 2022,ITZY,33.9616801,-118.3531311
Sep 2022,ITZY,34.052,-118.244
Sep 2022,ITZY,40.7142691,-74.0059729
Sep 2022,ITZY,40.7142691,-74.0059729
Sep 2021,ITZY,34.1388962,-118.3534115
Sep 2021,ITZY,40.7142691,-74.0059729
Sep 2021,ITZY,40.7142691,-74.0059729
Sep 2021,ITZY,40.7142691,-74.0059729
Sep 2020,ITZY,40.7142691,-74.0059729
Sep 2020,ITZY,40.65,-73.95
Sep 2020,ITZY,38.895,-77.036
Sep 2020,ITZY,29.7632836,-95.3632715
Sep 2020,ITZY,44.9799654,-93.2638361
Sep 2020,ITZY,34.052,-118.244
Sep 2019,ITZY,34.052,-118.244
Sep 2023,ENHYPEN,40.7142691,-74.0059729
Sep 2023,ENHYPEN,41.850033,-87.6500523
Sep 2023,ENHYPEN,40.735657,-74.1723667
Sep 2023,ENHYPEN,40.735657,-74.1723667
Sep 2023,ENHYPEN,32.7830556,-96.8066667
Sep 2023,ENHYPEN,29.7632836,-95.3632715
Sep 2023,ENHYPEN,33.5386523,-112.1859866
Sep 2023,ENHYPEN,33.8314058,-118.2820165
Sep 2023,ENHYPEN,36.1749705,-115.137223
Sep 2022,ENHYPEN,40.7142691,-74.0059729
Sep 2022,ENHYPEN,41.850033,-87.6500523
Sep 2022,ENHYPEN,34.0028787,-84.1446376
Sep 2022,ENHYPEN,29.6196787,-95.6349463
Sep 2022,ENHYPEN,32.725409,-97.3208496
Sep 2022,ENHYPEN,34.052,-118.244
Sep 2022,ENHYPEN,33.8352932,-117.9145036
Sep 2022,ENHYPEN,33.8352932,-117.9145036
Sep 2022,ENHYPEN,34.052,-118.244
Sep 2021,ENHYPEN,34.1388962,-118.3534115